delta,Sigma.TRUE,Sigma.Assumed,Sigma.Re.estimate,Sample.Size.Initial,Sample.Size.Re.estimate,Alpha.Re.estimate,Confidence.Interval.Low,Confidence.Interval.High,NON.SSR.Alpha.Re.estimate,NON.SSR.Confidence.Interval.Low,NON.SSR.Confidence.Interval.High
0,6.5,6,6.487357906,254,"298 (297.947,298.053)",0.050544,0.050234196,0.050853804,0.050398,0.05008862,0.05070738
0,6.5,6.3,6.488618425,280,"298 (297.949,298.051)",0.049956,0.049647908,0.050264092,0.049808,0.049500341,0.050115659
0,6.5,6.5,6.4899765,299,"298 (297.951,298.049)",0.050184,0.049875243,0.050492757,0.050262,0.049953015,0.050570985
0,6.5,6.8,6.490189038,326,"298 (297.953,298.047)",0.050714,0.050403703,0.051024297,0.050504,0.050194312,0.050813688
0,6.5,7,6.491364806,346,"298 (297.954,298.046)",0.049934,0.049625972,0.050242028,0.050028,0.049719698,0.050336302
